Genoset	SNP1	A1	B1	SNP2	A2	B2	SNP3	A3	B3	Blood Type
gs128	rs8176719	D	D	rs8176746	A	A	rs8176747	C	C	Type O
gs128	rs8176719	D	D	rs8176746	A	A	rs8176747	C	G	Type O
gs128	rs8176719	D	D	rs8176746	A	A	rs8176747	G	G	Type O
gs128	rs8176719	D	D	rs8176746	A	C	rs8176747	C	C	Type O
gs128	rs8176719	D	D	rs8176746	A	C	rs8176747	C	G	Type O
gs128	rs8176719	D	D	rs8176746	A	C	rs8176747	G	G	Type O
gs128	rs8176719	D	D	rs8176746	C	C	rs8176747	C	C	Type O
gs128	rs8176719	D	D	rs8176746	C	C	rs8176747	C	G	Type O
gs128	rs8176719	D	D	rs8176746	C	C	rs8176747	G	G	Type O
gs129	rs8176719	D	I	rs8176746	A	A	rs8176747	C	G	not clear
gs129	rs8176719	D	I	rs8176746	A	A	rs8176747	G	G	not clear
gs129	rs8176719	D	I	rs8176746	A	C	rs8176747	C	C	not clear
gs129	rs8176719	D	I	rs8176746	A	C	rs8176747	G	G	not clear
gs129	rs8176719	D	I	rs8176746	C	C	rs8176747	C	C	not clear
gs129	rs8176719	D	I	rs8176746	C	C	rs8176747	C	G	not clear
gs???	rs8176719	D	I	rs8176746	A	C	rs8176747	C	G	Type B likely, Type A possible
gs132	rs8176719	D	I	rs8176746	C	C	rs8176747	G	G	Type A
gs133	rs8176719	D	I	rs8176746	A	A	rs8176747	C	C	Type B
gs129	rs8176719	I	I	rs8176746	A	A	rs8176747	C	G	not clear
gs129	rs8176719	I	I	rs8176746	A	A	rs8176747	G	G	not clear
gs129	rs8176719	I	I	rs8176746	A	C	rs8176747	C	C	not clear
gs129	rs8176719	I	I	rs8176746	A	C	rs8176747	G	G	not clear
gs129	rs8176719	I	I	rs8176746	C	C	rs8176747	C	C	not clear
gs129	rs8176719	I	I	rs8176746	C	C	rs8176747	C	G	not clear
gs132	rs8176719	I	I	rs8176746	C	C	rs8176747	G	G	Type A
gs130	rs8176719	I	I	rs8176746	A	C	rs8176747	C	G	Type AB
gs133	rs8176719	I	I	rs8176746	A	A	rs8176747	C	C	Type B
